{
  "camera_matrix": [
    [
      170.02839797718752,
      0.0,
      154.74852603303657
    ],
    [
      0.0,
      170.04447274691134,
      125.1647893458965
    ],
    [
      0.0,
      0.0,
      1.0
    ]
  ],
  "dist_coeffs": [
    [
      -0.11182715722177064,
      0.15179895842132057,
      -0.0031687629695162267,
      -0.007268052770771624,
      -0.04065030186090903
    ]
  ],
  "image_size": [
    320,
    240
  ],
  "rms_error": 0.39694223468776924
}